iteration,timestamp,score,duration,C,gamma,reasoning
1,2025-12-24T17:15:24.423302,0.07777777777777778,2.261430501937866,39.76435875105519,0.318280401454124,
2,2025-12-24T17:15:27.208015,0.07777777777777778,2.6814370155334473,46.486887379347365,0.3913133252689176,
3,2025-12-24T17:15:29.489383,0.07777777777777778,2.1793155670166016,46.38539904561806,0.44079487959076735,
4,2025-12-24T17:15:32.839791,0.07777777777777778,3.2480568885803223,35.73087484769342,0.21311571385056252,
5,2025-12-24T17:15:35.733261,0.07777777777777778,2.7870523929595947,40.517673347582694,0.3374694254189406,
6,2025-12-24T17:15:38.646071,0.07777777777777778,2.7927513122558594,54.73846778554129,0.37480090568857577,
7,2025-12-24T17:15:40.423456,0.07777777777777778,1.6765708923339844,50.95711950293864,0.20914564309704212,
8,2025-12-24T17:15:42.415526,0.07777777777777778,1.8906457424163818,69.30681686281048,0.9485532365869284,
9,2025-12-24T17:15:44.789846,0.07777777777777778,2.27323055267334,24.702534271686332,0.6556664681396532,
10,2025-12-24T17:15:47.286971,0.07777777777777778,2.3943943977355957,32.1866393687079,0.325350533024298,
11,2025-12-24T17:15:50.729348,0.07777777777777778,3.3202357292175293,43.75755014687796,0.19921804072592397,
12,2025-12-24T17:15:53.540701,0.07777777777777778,2.7107203006744385,40.4008230457189,0.36191986883906935,
13,2025-12-24T17:15:56.506882,0.07777777777777778,2.859423875808716,40.935707755913356,0.2327114839298777,
14,2025-12-24T17:15:58.838792,0.07777777777777778,2.2296409606933594,28.196197612410856,0.405835431193661,
15,2025-12-24T17:16:00.818183,0.07777777777777778,1.876723289489746,46.315618606234565,0.3642024407042099,
16,2025-12-24T17:16:02.537171,0.07777777777777778,1.604921579360962,2.8903500815595495,0.8252121826174438,
17,2025-12-24T17:16:04.328377,0.07777777777777778,1.6493308544158936,44.25362449063074,0.40140588403178934,
18,2025-12-24T17:16:06.031990,0.07777777777777778,1.602506160736084,67.55001137988778,0.5703408048891817,
19,2025-12-24T17:16:08.699889,0.07777777777777778,2.5625813007354736,43.198337514342874,0.466615158768256,
20,2025-12-24T17:16:10.717201,0.07777777777777778,1.9124810695648193,41.36619120189064,0.20130501073567317,
21,2025-12-24T17:16:13.459213,0.07777777777777778,2.6254642009735107,42.57573583033924,0.14037150912593113,
22,2025-12-24T17:16:15.591511,0.07777777777777778,2.029519557952881,24.30585093291287,0.5408518821196239,
23,2025-12-24T17:16:18.070136,0.07777777777777778,2.3772683143615723,53.32911179990799,0.34136981376291387,
24,2025-12-24T17:16:21.484837,0.07777777777777778,3.31240177154541,21.181361770486312,0.40736346627569536,
25,2025-12-24T17:16:22.850325,0.07777777777777778,1.263159990310669,20.999819149233137,0.14304712860417,
26,2025-12-24T17:16:24.966966,0.07777777777777778,1.9969234466552734,6.272216127107598,0.6294941273952487,
27,2025-12-24T17:16:26.889912,0.07777777777777778,1.822209119796753,41.08975764071301,0.27940936704772323,
28,2025-12-24T17:16:28.773277,0.07777777777777778,1.78043532371521,45.929457642777656,0.08202124701413029,
29,2025-12-24T17:16:30.781441,0.07777777777777778,1.9054498672485352,52.54709669506405,0.32248054494806394,
30,2025-12-24T17:16:32.783773,0.07777777777777778,1.8991541862487793,89.31825698360782,0.8040587252907079,
31,2025-12-24T17:16:34.503854,0.07777777777777778,1.5981032848358154,57.93211494103898,0.08591264948875603,
32,2025-12-24T17:16:36.264630,0.07777777777777778,1.6575300693511963,28.094760203944887,0.4089467521932961,
33,2025-12-24T17:16:38.263614,0.07777777777777778,1.8951196670532227,37.01045139688639,0.2758008552176576,
34,2025-12-24T17:16:40.700801,0.07777777777777778,2.3360555171966553,17.71864174425865,0.3541172739071336,
35,2025-12-24T17:16:42.841214,0.07777777777777778,2.035189151763916,50.07879996651833,0.25916254525509597,
36,2025-12-24T17:16:44.810360,0.07777777777777778,1.847640037536621,33.30649262737182,0.2602301305615253,
37,2025-12-24T17:16:46.604068,0.07777777777777778,1.6931655406951904,30.191979126336474,0.46497089377929895,
38,2025-12-24T17:16:48.329019,0.07777777777777778,1.6231706142425537,66.92937044073216,0.6325196654327956,
39,2025-12-24T17:16:50.057620,0.07777777777777778,1.6276452541351318,57.080195505151494,0.7177195772172272,
40,2025-12-24T17:16:51.736765,0.07777777777777778,1.57706880569458,24.847709003268236,0.26533800802369756,
41,2025-12-24T17:16:53.474937,0.07777777777777778,1.6183280944824219,86.37976184981747,0.5450339339011007,
42,2025-12-24T17:16:55.532477,0.07777777777777778,1.9566032886505127,36.827989573570854,0.34146538899222784,
43,2025-12-24T17:16:57.790906,0.07777777777777778,2.157888412475586,42.69620774555121,0.3353234998443661,
44,2025-12-24T17:16:59.584424,0.07777777777777778,1.6922833919525146,44.33934142608691,0.26752900430354726,
45,2025-12-24T17:17:01.442538,0.07777777777777778,1.7569983005523682,36.07367649020864,0.27332713932814245,
46,2025-12-24T17:17:03.243565,0.07777777777777778,1.6797561645507812,36.406308353714095,0.3011178033505749,
47,2025-12-24T17:17:04.960630,0.07777777777777778,1.6158981323242188,34.19959307726097,0.2895925990048737,
48,2025-12-24T17:17:06.498268,0.07777777777777778,1.4363994598388672,23.901455451055128,0.20972933104315447,
49,2025-12-24T17:17:08.371866,0.07777777777777778,1.770937442779541,91.04060931445701,0.6547210952714875,
50,2025-12-24T17:17:09.904970,0.07777777777777778,1.4319777488708496,41.219242384789645,0.2103535268481226,
