iteration,timestamp,score,duration,activation,alpha,batch_size,class_weight,criterion,early_stopping,hidden_layer_sizes,learning_rate_init,max_depth,max_iter,min_samples_split,model_type,momentum,n_estimators,optimizer,reasoning,scaling,reasoning
1,2025-12-25T00:27:34.524992,0.9666666666666667,0.22097492218017578,relu,0.01,32,balanced,gini,True,"[100, 50]",0.001,,500,0,mlp,0.0,0,adam,"The Iris dataset is small and has a simple structure, making an MLP with two hidden layers suitable. The chosen learning rate and batch size balance training efficiency with stability, while early stopping helps prevent overfitting.",standard,"The Iris dataset is small and has a simple structure, making an MLP with two hidden layers suitable. The chosen learning rate and batch size balance training efficiency with stability, while early stopping helps prevent overfitting."
2,2025-12-25T00:27:40.816934,0.9333333333333333,0.12691020965576172,tanh,0.005,64,balanced,gini,True,"[100, 50, 25]",0.01,,600,0,mlp,0.9,0,sgd,"This configuration explores a different optimizer (sgd) with momentum to potentially improve convergence. The hidden layer architecture is expanded to three layers to capture more complex patterns, and the learning rate is slightly increased for better training dynamics. Minmax scaling is employed to enhance feature normalization.",minmax,"This configuration explores a different optimizer (sgd) with momentum to potentially improve convergence. The hidden layer architecture is expanded to three layers to capture more complex patterns, and the learning rate is slightly increased for better training dynamics. Minmax scaling is employed to enhance feature normalization."
3,2025-12-25T00:27:45.999543,1.0,0.28934335708618164,relu,0.005,64,balanced,gini,True,"[100, 50, 25]",0.005,,700,0,mlp,0.0,0,adam,"This configuration aims to balance exploration and stability by slightly increasing the learning rate and changing the batch size. The architecture remains complex with three hidden layers, while early stopping is maintained to curb overfitting. A moderate number of iterations is chosen to allow sufficient training.",standard,"This configuration aims to balance exploration and stability by slightly increasing the learning rate and changing the batch size. The architecture remains complex with three hidden layers, while early stopping is maintained to curb overfitting. A moderate number of iterations is chosen to allow sufficient training."
4,2025-12-25T00:27:51.772670,0.9,0.20008063316345215,relu,0.005,64,balanced,gini,True,"[100, 50, 25]",0.007,,750,0,mlp,0.0,0,adam,"This configuration incrementally increases the learning rate to explore potential improvements in convergence speed while maintaining the successful architecture of three hidden layers. The batch size remains the same to ensure stability, and the maximum iterations are slightly raised to allow for deeper training without risking overfitting due to early stopping.",standard,"This configuration incrementally increases the learning rate to explore potential improvements in convergence speed while maintaining the successful architecture of three hidden layers. The batch size remains the same to ensure stability, and the maximum iterations are slightly raised to allow for deeper training without risking overfitting due to early stopping."
5,2025-12-25T00:27:56.788727,1.0,0.15441203117370605,relu,0.005,64,balanced,gini,True,"[100, 50, 25]",0.006,,800,0,mlp,0.0,0,adam,"This configuration slightly increases the learning rate for potentially better convergence and extends the maximum iterations to allow for deeper training. The architecture remains consistent with the successful setup of three hidden layers, maintaining stability with early stopping to prevent overfitting.",standard,"This configuration slightly increases the learning rate for potentially better convergence and extends the maximum iterations to allow for deeper training. The architecture remains consistent with the successful setup of three hidden layers, maintaining stability with early stopping to prevent overfitting."
6,2025-12-25T00:28:02.857875,0.9666666666666667,0.16428375244140625,relu,0.005,64,balanced,gini,True,"[100, 50, 25]",0.0065,,850,0,mlp,0.0,0,adam,"This configuration builds on the previous successful setup by slightly increasing the learning rate to explore further improvements in convergence speed. The number of maximum iterations is increased to allow for additional training without risking overfitting due to early stopping, while maintaining the previously effective architecture and hyperparameters.",standard,"This configuration builds on the previous successful setup by slightly increasing the learning rate to explore further improvements in convergence speed. The number of maximum iterations is increased to allow for additional training without risking overfitting due to early stopping, while maintaining the previously effective architecture and hyperparameters."
7,2025-12-25T00:28:07.704789,0.9333333333333333,0.3097710609436035,relu,0.005,64,balanced,gini,True,"[100, 50, 25]",0.0075,,750,0,mlp,0.0,0,adam,"This configuration slightly increases the learning rate to further explore convergence improvements while maintaining a stable batch size. The architecture remains consistent with previous successful setups, and the maximum iterations are balanced to allow sufficient training without risking overfitting due to early stopping.",standard,"This configuration slightly increases the learning rate to further explore convergence improvements while maintaining a stable batch size. The architecture remains consistent with previous successful setups, and the maximum iterations are balanced to allow sufficient training without risking overfitting due to early stopping."
8,2025-12-25T00:28:13.698494,0.9666666666666667,0.24437403678894043,relu,0.006,64,balanced,gini,True,"[100, 50, 25]",0.0065,,750,0,mlp,0.0,0,adam,"This configuration slightly increases the L2 penalty alpha to explore potential improvements while maintaining the previous successful architecture and hyperparameters. The learning rate is also kept stable to ensure consistency in performance, while early stopping is retained to prevent overfitting.",standard,"This configuration slightly increases the L2 penalty alpha to explore potential improvements while maintaining the previous successful architecture and hyperparameters. The learning rate is also kept stable to ensure consistency in performance, while early stopping is retained to prevent overfitting."
9,2025-12-25T00:28:19.088121,0.9666666666666667,0.17267823219299316,relu,0.005,64,balanced,gini,True,"[100, 50, 25]",0.008,,800,0,mlp,0.0,0,adam,"This configuration aims to explore a slightly higher learning rate to potentially improve convergence while keeping the batch size stable. The architecture remains unchanged with three hidden layers to maintain performance. The maximum iterations are extended to allow for deeper training, and early stopping is retained to mitigate overfitting.",standard,"This configuration aims to explore a slightly higher learning rate to potentially improve convergence while keeping the batch size stable. The architecture remains unchanged with three hidden layers to maintain performance. The maximum iterations are extended to allow for deeper training, and early stopping is retained to mitigate overfitting."
10,2025-12-25T00:28:23.350951,0.9,0.08426856994628906,relu,0.006,64,balanced,gini,True,"[100, 50, 25]",0.007,,850,0,mlp,0.0,0,adam,"This configuration maintains a stable batch size while increasing the learning rate slightly to explore potential convergence improvements. The architecture with three hidden layers is kept consistent to leverage previous performance. The maximum iterations have been adjusted to allow for deeper training, and the alpha value is slightly increased to explore regularization effects. Early stopping is retained to mitigate overfitting.",standard,"This configuration maintains a stable batch size while increasing the learning rate slightly to explore potential convergence improvements. The architecture with three hidden layers is kept consistent to leverage previous performance. The maximum iterations have been adjusted to allow for deeper training, and the alpha value is slightly increased to explore regularization effects. Early stopping is retained to mitigate overfitting."
11,2025-12-25T00:28:29.416919,0.9333333333333333,0.17427468299865723,relu,0.005,64,balanced,gini,True,"[100, 50, 25]",0.0075,,800,0,mlp,0.0,0,adam,"This configuration builds upon the successful parameters by maintaining the effective learning rate and batch size while exploring a slightly different number of maximum iterations. The architecture remains intact to leverage previous performance, and early stopping is retained to avoid overfitting.",standard,"This configuration builds upon the successful parameters by maintaining the effective learning rate and batch size while exploring a slightly different number of maximum iterations. The architecture remains intact to leverage previous performance, and early stopping is retained to avoid overfitting."
12,2025-12-25T00:28:34.115692,0.9666666666666667,0.6916975975036621,relu,0.005,64,balanced,gini,True,"[100, 50, 25]",0.0055,,750,0,mlp,0.0,0,adam,"This configuration slightly increases the learning rate to enhance exploration while maintaining the successful architecture and batch size. The maximum iterations are set to a moderate value to allow thorough training, and early stopping is retained to prevent overfitting.",standard,"This configuration slightly increases the learning rate to enhance exploration while maintaining the successful architecture and batch size. The maximum iterations are set to a moderate value to allow thorough training, and early stopping is retained to prevent overfitting."
13,2025-12-25T00:28:38.327107,0.9666666666666667,0.4176492691040039,relu,0.004,64,balanced,gini,True,"[100, 50, 25]",0.0045,,800,0,mlp,0.0,0,adam,"This configuration slightly lowers the learning rate to enhance stability while keeping the batch size consistent. The architecture remains unchanged to leverage previous success. The alpha value is adjusted for regularization exploration, and early stopping is retained to prevent overfitting.",standard,"This configuration slightly lowers the learning rate to enhance stability while keeping the batch size consistent. The architecture remains unchanged to leverage previous success. The alpha value is adjusted for regularization exploration, and early stopping is retained to prevent overfitting."
14,2025-12-25T00:28:42.929364,0.9666666666666667,0.32784223556518555,relu,0.005,64,balanced,gini,True,"[100, 50, 25]",0.0065,,850,0,mlp,0.0,0,adam,"This configuration aims to fine-tune the learning rate slightly upwards to enhance convergence while maintaining the successful batch size. The architecture with three hidden layers is retained to leverage previous success. The maximum iterations are set to a higher value to allow for extensive training, and early stopping is kept to mitigate overfitting.",standard,"This configuration aims to fine-tune the learning rate slightly upwards to enhance convergence while maintaining the successful batch size. The architecture with three hidden layers is retained to leverage previous success. The maximum iterations are set to a higher value to allow for extensive training, and early stopping is kept to mitigate overfitting."
15,2025-12-25T00:28:48.447280,1.0,0.5835750102996826,relu,0.005,64,balanced,gini,True,"[100, 50, 25]",0.006,,750,0,mlp,0.0,0,adam,"This configuration aims to maintain the successful parameters while slightly adjusting the learning rate to explore its impact on convergence. The architecture remains robust with three hidden layers, and early stopping is retained to prevent overfitting. The maximum iterations are set to allow thorough training without significantly increasing the computational load.",standard,"This configuration aims to maintain the successful parameters while slightly adjusting the learning rate to explore its impact on convergence. The architecture remains robust with three hidden layers, and early stopping is retained to prevent overfitting. The maximum iterations are set to allow thorough training without significantly increasing the computational load."
16,2025-12-25T00:28:54.426404,0.9666666666666667,0.7151169776916504,relu,0.005,32,balanced,gini,True,"[100, 50, 25]",0.0065,,800,0,mlp,0.0,0,adam,"This configuration maintains the successful architecture and learning rate while exploring a smaller batch size for potentially improved convergence. The maximum iterations are set to allow adequate training, and early stopping is retained to prevent overfitting.",standard,"This configuration maintains the successful architecture and learning rate while exploring a smaller batch size for potentially improved convergence. The maximum iterations are set to allow adequate training, and early stopping is retained to prevent overfitting."
17,2025-12-25T00:29:00.264466,0.9,0.7450909614562988,relu,0.005,64,balanced,gini,True,"[100, 50, 25]",0.007,,800,0,mlp,0.0,0,adam,"This configuration slightly increases the learning rate to explore its impact on convergence while maintaining the successful architecture and batch size. The maximum iterations are set to a moderate value to allow thorough training, and early stopping is retained to prevent overfitting.",standard,"This configuration slightly increases the learning rate to explore its impact on convergence while maintaining the successful architecture and batch size. The maximum iterations are set to a moderate value to allow thorough training, and early stopping is retained to prevent overfitting."
18,2025-12-25T00:29:05.837213,0.9666666666666667,0.9888296127319336,relu,0.005,64,balanced,gini,True,"[100, 50, 25]",0.0055,,800,0,mlp,0.0,0,adam,"This configuration slightly increases the learning rate to explore its impact on convergence while maintaining a stable batch size and architecture. The maximum iterations are set to allow thorough training, and early stopping is retained to prevent overfitting.",standard,"This configuration slightly increases the learning rate to explore its impact on convergence while maintaining a stable batch size and architecture. The maximum iterations are set to allow thorough training, and early stopping is retained to prevent overfitting."
19,2025-12-25T00:29:10.703407,0.9333333333333333,0.2890965938568115,relu,0.005,64,balanced,gini,True,"[100, 50, 25]",0.0075,,800,0,mlp,0.0,0,adam,"This configuration aims to explore a slightly higher learning rate to potentially improve convergence while maintaining the stable architecture and batch size that have yielded good results. The maximum iterations are set to allow thorough training, and early stopping is retained to mitigate overfitting.",standard,"This configuration aims to explore a slightly higher learning rate to potentially improve convergence while maintaining the stable architecture and batch size that have yielded good results. The maximum iterations are set to allow thorough training, and early stopping is retained to mitigate overfitting."
20,2025-12-25T00:29:15.332921,1.0,0.04919862747192383,relu,0.005,32,balanced,gini,True,"[100, 50, 25]",0.0075,,800,0,mlp,0.0,0,adam,"This configuration explores a smaller batch size to improve convergence while maintaining a consistent learning rate and architecture that previously yielded high accuracy. The maximum iterations allow sufficient training, and early stopping is retained to prevent overfitting.",standard,"This configuration explores a smaller batch size to improve convergence while maintaining a consistent learning rate and architecture that previously yielded high accuracy. The maximum iterations allow sufficient training, and early stopping is retained to prevent overfitting."
21,2025-12-25T00:29:19.518001,0.9666666666666667,0.0640408992767334,relu,0.005,32,balanced,gini,True,"[100, 50, 25]",0.008,,900,0,mlp,0.0,0,adam,"This configuration slightly increases the learning rate to explore potential improvements in convergence while maintaining the successful batch size and architecture. The number of iterations is increased to allow more extensive training, and early stopping is retained to prevent overfitting.",standard,"This configuration slightly increases the learning rate to explore potential improvements in convergence while maintaining the successful batch size and architecture. The number of iterations is increased to allow more extensive training, and early stopping is retained to prevent overfitting."
22,2025-12-25T00:29:23.963752,0.9666666666666667,0.053700923919677734,relu,0.005,32,balanced,gini,True,"[100, 50, 25]",0.0085,,900,0,mlp,0.0,0,adam,"This configuration maintains high model performance by slightly increasing the learning rate to explore further improvements in convergence, while keeping a smaller batch size to enhance training stability. The architecture remains unchanged with three hidden layers, and early stopping is retained to mitigate overfitting.",standard,"This configuration maintains high model performance by slightly increasing the learning rate to explore further improvements in convergence, while keeping a smaller batch size to enhance training stability. The architecture remains unchanged with three hidden layers, and early stopping is retained to mitigate overfitting."
23,2025-12-25T00:29:28.765972,1.0,0.07646679878234863,relu,0.005,32,balanced,gini,True,"[100, 50, 25]",0.009,,900,0,mlp,0.0,0,adam,"This configuration aims to slightly increase the learning rate to further explore potential improvements in convergence while maintaining a smaller batch size for training stability. The model architecture remains unchanged, retaining the three hidden layers. Early stopping is kept to prevent overfitting, and the number of iterations is set to allow thorough training.",standard,"This configuration aims to slightly increase the learning rate to further explore potential improvements in convergence while maintaining a smaller batch size for training stability. The model architecture remains unchanged, retaining the three hidden layers. Early stopping is kept to prevent overfitting, and the number of iterations is set to allow thorough training."
24,2025-12-25T00:29:33.339907,1.0,0.1018669605255127,relu,0.005,32,balanced,gini,True,"[100, 50, 25]",0.01,,1000,0,mlp,0.0,0,adam,"This configuration aims to explore a higher learning rate to potentially enhance convergence while maintaining a smaller batch size for stability. The maximum iterations are set to the upper limit to allow thorough training, and the architecture remains complex with three hidden layers. Early stopping is retained to prevent overfitting.",standard,"This configuration aims to explore a higher learning rate to potentially enhance convergence while maintaining a smaller batch size for stability. The maximum iterations are set to the upper limit to allow thorough training, and the architecture remains complex with three hidden layers. Early stopping is retained to prevent overfitting."
25,2025-12-25T00:29:37.229648,0.9333333333333333,0.1371448040008545,relu,0.005,64,balanced,gini,True,"[100, 50, 25]",0.01,,1000,0,mlp,0.0,0,adam,This configuration retains the successful learning rate while exploring a larger batch size to potentially improve convergence speed. It keeps the architecture consistent to leverage prior success while maintaining early stopping to mitigate overfitting.,standard,This configuration retains the successful learning rate while exploring a larger batch size to potentially improve convergence speed. It keeps the architecture consistent to leverage prior success while maintaining early stopping to mitigate overfitting.
26,2025-12-25T00:29:43.391227,1.0,0.05706191062927246,relu,0.005,32,balanced,gini,True,"[100, 50, 25]",0.011,,1000,0,mlp,0.0,0,adam,"This configuration aims to explore a slightly higher learning rate to enhance convergence while maintaining the successful batch size for stability. The architecture remains unchanged with three hidden layers, and early stopping is retained to prevent overfitting. The maximum iterations are set to allow thorough training.",standard,"This configuration aims to explore a slightly higher learning rate to enhance convergence while maintaining the successful batch size for stability. The architecture remains unchanged with three hidden layers, and early stopping is retained to prevent overfitting. The maximum iterations are set to allow thorough training."
27,2025-12-25T00:29:47.514129,0.9666666666666667,0.0578913688659668,relu,0.005,32,balanced,gini,True,"[100, 50, 25]",0.012,,1000,0,mlp,0.0,0,adam,"This configuration aims to explore a slightly higher learning rate to enhance convergence while maintaining the successful batch size for stability. The architecture remains unchanged with three hidden layers, and early stopping is retained to prevent overfitting. The maximum iterations are set to allow thorough training.",standard,"This configuration aims to explore a slightly higher learning rate to enhance convergence while maintaining the successful batch size for stability. The architecture remains unchanged with three hidden layers, and early stopping is retained to prevent overfitting. The maximum iterations are set to allow thorough training."
28,2025-12-25T00:29:51.774897,0.9666666666666667,0.09869742393493652,relu,0.005,32,balanced,gini,True,"[100, 50, 25]",0.006,,900,0,mlp,0.0,0,adam,"This configuration aims to slightly increase the learning rate to explore better convergence while maintaining a stable batch size. The model architecture remains consistent with three hidden layers, and early stopping is kept to prevent overfitting. A moderate number of iterations is chosen to allow thorough training.",standard,"This configuration aims to slightly increase the learning rate to explore better convergence while maintaining a stable batch size. The model architecture remains consistent with three hidden layers, and early stopping is kept to prevent overfitting. A moderate number of iterations is chosen to allow thorough training."
29,2025-12-25T00:29:56.368715,0.9666666666666667,0.055533409118652344,relu,0.005,32,balanced,gini,True,"[100, 50, 25]",0.008,,800,0,mlp,0.0,0,adam,"This configuration aims to fine-tune the learning rate by slightly decreasing it to enhance convergence while maintaining the optimal batch size for stability. The architecture remains consistent with three hidden layers, and early stopping is retained to prevent overfitting. A moderate number of iterations is selected to ensure thorough training.",standard,"This configuration aims to fine-tune the learning rate by slightly decreasing it to enhance convergence while maintaining the optimal batch size for stability. The architecture remains consistent with three hidden layers, and early stopping is retained to prevent overfitting. A moderate number of iterations is selected to ensure thorough training."
30,2025-12-25T00:30:03.060251,0.9666666666666667,0.05255484580993652,relu,0.005,32,balanced,gini,True,"[100, 50, 25]",0.013,,1000,0,mlp,0.0,0,adam,"This configuration aims to slightly increase the learning rate to further enhance convergence while maintaining a stable batch size. The architecture remains unchanged to leverage prior success, and early stopping is retained to prevent overfitting. The maximum iterations are set for thorough training.",standard,"This configuration aims to slightly increase the learning rate to further enhance convergence while maintaining a stable batch size. The architecture remains unchanged to leverage prior success, and early stopping is retained to prevent overfitting. The maximum iterations are set for thorough training."
31,2025-12-25T00:30:08.759641,0.9,0.0644066333770752,relu,0.006,64,balanced,gini,True,"[100, 50, 25]",0.007,,800,0,mlp,0.0,0,adam,"This configuration aims to slightly adjust the learning rate and alpha to explore better convergence while maintaining a stable batch size and architecture. The max iterations are set to allow thorough training, with early stopping retained to prevent overfitting.",standard,"This configuration aims to slightly adjust the learning rate and alpha to explore better convergence while maintaining a stable batch size and architecture. The max iterations are set to allow thorough training, with early stopping retained to prevent overfitting."
32,2025-12-25T00:30:17.088538,1.0,0.10581517219543457,relu,0.005,64,balanced,gini,True,"[100, 50, 25]",0.006,,800,0,mlp,0.0,0,adam,This configuration retains the successful learning rate and batch size while slightly adjusting the maximum iterations to explore the model's performance over different training durations. The architecture remains consistent with three hidden layers and early stopping to prevent overfitting.,standard,This configuration retains the successful learning rate and batch size while slightly adjusting the maximum iterations to explore the model's performance over different training durations. The architecture remains consistent with three hidden layers and early stopping to prevent overfitting.
33,2025-12-25T00:30:26.624045,0.9,0.13747668266296387,relu,0.005,64,balanced,gini,True,"[100, 50, 25]",0.007,,850,0,mlp,0.0,0,adam,This configuration aims to fine-tune the training duration by adjusting the maximum iterations while maintaining a stable learning rate and batch size. The architecture remains consistent with three hidden layers and early stopping to prevent overfitting. This balance is expected to further enhance model performance.,standard,This configuration aims to fine-tune the training duration by adjusting the maximum iterations while maintaining a stable learning rate and batch size. The architecture remains consistent with three hidden layers and early stopping to prevent overfitting. This balance is expected to further enhance model performance.
34,2025-12-25T00:30:32.286259,0.9666666666666667,0.11442089080810547,relu,0.004,64,balanced,gini,True,"[100, 50, 25]",0.004,,900,0,mlp,0.0,0,adam,"This configuration aims to slightly decrease the learning rate and alpha to explore finer convergence while retaining the successful batch size and architecture. The maximum iterations are adjusted to allow for thorough training, with early stopping maintained to prevent overfitting.",standard,"This configuration aims to slightly decrease the learning rate and alpha to explore finer convergence while retaining the successful batch size and architecture. The maximum iterations are adjusted to allow for thorough training, with early stopping maintained to prevent overfitting."
35,2025-12-25T00:30:36.654230,0.9666666666666667,0.1307375431060791,relu,0.006,64,balanced,gini,True,"[100, 50, 25]",0.008,,850,0,mlp,0.0,0,adam,"This configuration introduces a slight increase in the learning rate to explore potential improvements in convergence while maintaining the successful batch size and architecture. The maximum iterations are adjusted to ensure thorough training, and early stopping is retained to prevent overfitting.",standard,"This configuration introduces a slight increase in the learning rate to explore potential improvements in convergence while maintaining the successful batch size and architecture. The maximum iterations are adjusted to ensure thorough training, and early stopping is retained to prevent overfitting."
36,2025-12-25T00:30:42.392955,1.0,0.10807538032531738,relu,0.005,64,balanced,gini,True,"[100, 50, 25]",0.005,,850,0,mlp,0.0,0,adam,This configuration maintains the successful elements from previous configurations while slightly adjusting the maximum iterations to explore potential improvements in performance. The learning rate and architecture remain stable to ensure effective training.,standard,This configuration maintains the successful elements from previous configurations while slightly adjusting the maximum iterations to explore potential improvements in performance. The learning rate and architecture remain stable to ensure effective training.
37,2025-12-25T00:30:53.764592,1.0,0.21888136863708496,relu,0.005,64,balanced,gini,True,"[100, 50, 25]",0.005,,900,0,mlp,0.0,0,adam,"This configuration maintains the stable learning rate and batch size from previous successful models while increasing max_iter to allow further training. The architecture remains consistent with three hidden layers and early stopping to prevent overfitting, aiming to explore the limits of the model's performance.",standard,"This configuration maintains the stable learning rate and batch size from previous successful models while increasing max_iter to allow further training. The architecture remains consistent with three hidden layers and early stopping to prevent overfitting, aiming to explore the limits of the model's performance."
38,2025-12-25T00:31:04.249165,1.0,0.48424315452575684,relu,0.005,64,balanced,gini,True,"[100, 50, 25]",0.006,,950,0,mlp,0.0,0,adam,"This configuration aims to slightly adjust the learning rate to explore finer convergence while maintaining the successful batch size and architecture. The maximum iterations are increased to allow comprehensive training, with early stopping retained to prevent overfitting.",standard,"This configuration aims to slightly adjust the learning rate to explore finer convergence while maintaining the successful batch size and architecture. The maximum iterations are increased to allow comprehensive training, with early stopping retained to prevent overfitting."
39,2025-12-25T00:31:09.872748,0.9,0.27733492851257324,relu,0.005,64,balanced,gini,True,"[100, 50, 25]",0.007,,900,0,mlp,0.0,0,adam,"This configuration explores a slight increase in the learning rate to potentially enhance convergence while keeping the successful batch size and architecture. The maximum iterations are set to allow adequate training, with early stopping retained to avoid overfitting.",standard,"This configuration explores a slight increase in the learning rate to potentially enhance convergence while keeping the successful batch size and architecture. The maximum iterations are set to allow adequate training, with early stopping retained to avoid overfitting."
40,2025-12-25T00:31:16.879377,1.0,0.37557387351989746,relu,0.005,128,balanced,gini,True,"[100, 50, 25]",0.006,,1000,0,mlp,0.0,0,adam,"This configuration maintains the successful learning rate and architecture while increasing the batch size to explore potential improvements in convergence. The maximum iterations are set to allow comprehensive training, and early stopping is retained to prevent overfitting.",standard,"This configuration maintains the successful learning rate and architecture while increasing the batch size to explore potential improvements in convergence. The maximum iterations are set to allow comprehensive training, and early stopping is retained to prevent overfitting."
41,2025-12-25T00:31:23.001503,1.0,0.7429964542388916,relu,0.005,128,balanced,gini,True,"[100, 50, 25]",0.005,,950,0,mlp,0.0,0,adam,"This configuration maintains the successful learning rate and architecture while slightly adjusting the maximum iterations to explore further improvements in performance. The batch size is increased to 128 to test its effect on convergence, while early stopping is retained to prevent overfitting.",standard,"This configuration maintains the successful learning rate and architecture while slightly adjusting the maximum iterations to explore further improvements in performance. The batch size is increased to 128 to test its effect on convergence, while early stopping is retained to prevent overfitting."
42,2025-12-25T00:31:29.471638,0.9666666666666667,0.9107439517974854,relu,0.004,64,balanced,gini,True,"[100, 50, 25]",0.004,,950,0,mlp,0.0,0,adam,"This configuration aims to slightly decrease the learning rate to explore finer convergence while maintaining the successful batch size and architecture. The maximum iterations are adjusted for further training, with early stopping to prevent overfitting and a slight adjustment to alpha to refine regularization.",standard,"This configuration aims to slightly decrease the learning rate to explore finer convergence while maintaining the successful batch size and architecture. The maximum iterations are adjusted for further training, with early stopping to prevent overfitting and a slight adjustment to alpha to refine regularization."
43,2025-12-25T00:31:37.125033,0.9,0.0926518440246582,relu,0.005,128,balanced,gini,True,"[100, 50, 25]",0.007,,1000,0,mlp,0.0,0,adam,"This configuration aims to slightly increase the learning rate and batch size to explore potential improvements in convergence. The architecture remains the same with three hidden layers, and early stopping is retained to prevent overfitting while allowing for maximum iterations to ensure comprehensive training.",standard,"This configuration aims to slightly increase the learning rate and batch size to explore potential improvements in convergence. The architecture remains the same with three hidden layers, and early stopping is retained to prevent overfitting while allowing for maximum iterations to ensure comprehensive training."
44,2025-12-25T00:31:42.037255,0.9666666666666667,0.1976299285888672,relu,0.005,128,balanced,gini,True,"[100, 50, 25]",0.008,,1000,0,mlp,0.0,0,adam,This configuration slightly increases the learning rate to potentially enhance convergence while using a larger batch size to improve training efficiency. The architecture and early stopping mechanisms remain unchanged to maintain stability in performance.,standard,This configuration slightly increases the learning rate to potentially enhance convergence while using a larger batch size to improve training efficiency. The architecture and early stopping mechanisms remain unchanged to maintain stability in performance.
45,2025-12-25T00:31:46.874997,1.0,0.25519394874572754,relu,0.005,64,balanced,gini,True,"[100, 50, 25]",0.006,,1000,0,mlp,0.0,0,adam,"This configuration maintains the successful learning rate and architecture while testing the maximum iterations to allow for more comprehensive training. The batch size is kept moderate to balance convergence speed and effectiveness, with early stopping to prevent overfitting.",standard,"This configuration maintains the successful learning rate and architecture while testing the maximum iterations to allow for more comprehensive training. The batch size is kept moderate to balance convergence speed and effectiveness, with early stopping to prevent overfitting."
46,2025-12-25T00:31:51.981351,0.9666666666666667,0.18148446083068848,relu,0.005,64,balanced,gini,True,"[100, 50, 25]",0.0065,,800,0,mlp,0.0,0,adam,"This configuration aims to explore a slight increase in learning rate while keeping a moderate batch size. The maximum iterations are adjusted to allow for sufficient training without overfitting, and the architecture remains consistent to maintain performance stability.",standard,"This configuration aims to explore a slight increase in learning rate while keeping a moderate batch size. The maximum iterations are adjusted to allow for sufficient training without overfitting, and the architecture remains consistent to maintain performance stability."
47,2025-12-25T00:31:57.660424,0.9666666666666667,0.1289973258972168,relu,0.005,64,balanced,gini,True,"[100, 50, 25]",0.0065,,800,0,mlp,0.0,0,adam,"This configuration maintains the successful learning rate and architecture while testing a higher maximum iteration count to allow for more comprehensive training. The batch size is kept moderate to balance convergence speed and effectiveness, with early stopping retained to prevent overfitting.",standard,"This configuration maintains the successful learning rate and architecture while testing a higher maximum iteration count to allow for more comprehensive training. The batch size is kept moderate to balance convergence speed and effectiveness, with early stopping retained to prevent overfitting."
48,2025-12-25T00:32:04.181209,0.9666666666666667,0.1663656234741211,relu,0.006,64,balanced,gini,True,"[100, 50, 25]",0.0065,,800,0,mlp,0.0,0,adam,"This configuration aims to slightly increase the alpha for regularization while maintaining the previously successful learning rate and architecture. The batch size remains moderate for effective training. Early stopping is kept to prevent overfitting, and the maximum iterations are set to allow comprehensive training.",standard,"This configuration aims to slightly increase the alpha for regularization while maintaining the previously successful learning rate and architecture. The batch size remains moderate for effective training. Early stopping is kept to prevent overfitting, and the maximum iterations are set to allow comprehensive training."
49,2025-12-25T00:32:09.057679,0.9,0.09561514854431152,relu,0.005,64,balanced,gini,True,"[100, 50, 25]",0.007,,1000,0,mlp,0.0,0,adam,"This configuration slightly increases the learning rate to explore potential improvements in convergence while maintaining the successful batch size and architecture. The maximum iterations are set to the upper limit to allow for comprehensive training, with early stopping retained to prevent overfitting.",standard,"This configuration slightly increases the learning rate to explore potential improvements in convergence while maintaining the successful batch size and architecture. The maximum iterations are set to the upper limit to allow for comprehensive training, with early stopping retained to prevent overfitting."
50,2025-12-25T00:32:14.226808,0.9333333333333333,0.1708824634552002,relu,0.005,64,balanced,gini,True,"[150, 75, 25]",0.0075,,1000,0,mlp,0.0,0,adam,"This configuration increases the learning rate slightly while enhancing the hidden layer architecture for potentially better feature extraction. The batch size remains moderate to balance training efficiency, and early stopping is kept to mitigate overfitting. The maximum iterations are set to the upper limit to ensure comprehensive training.",standard,"This configuration increases the learning rate slightly while enhancing the hidden layer architecture for potentially better feature extraction. The batch size remains moderate to balance training efficiency, and early stopping is kept to mitigate overfitting. The maximum iterations are set to the upper limit to ensure comprehensive training."
